variant,use_gating,lambda_sparsity,seed,pehe_dml,pehe_plugin
no_gating,0,0.0,42,20.113189697265625,1.6948148012161255
no_gating,0,0.0,1024,22.61142921447754,1.533936858177185
no_gating,0,0.0,2023,22.222238540649414,1.5419304370880127
gating_L1,1,0.05,42,34.96986389160156,1.586167335510254
gating_L1,1,0.05,1024,36.23634338378906,1.6370692253112793
gating_L1,1,0.05,2023,33.94306182861328,1.5544995069503784
