variant,pehe_dml_mean,pehe_plugin_mean
gating_L1,2.1334840456644693,1.6431350708007812
gating_no_L1,2.1388868490854898,1.643356442451477
no_gating,1.7258321046829224,1.6261554956436157
