,mean,std
tarnet_pehe,5.060724416375161,9.387424414793617
tarnet_bias,0.28824291229248045,0.5302443939597866
ctrl_pehe,5.751255059242249,8.416658512349434
ctrl_bias,-2.071492075920105,2.320875581442438
cf_pehe,3.63955288496381,6.560408597761929
cf_bias,-0.7441225502265713,1.3686074647486686
xgb_pehe,5.284850120544434,9.644536420369032
xgb_bias,-0.6266030311584473,2.908834688565689
