,median,iqr
tarnet_pehe,1.4362436532974243,1.671448439359665
tarnet_bias,0.10782432556152344,0.11748433113098145
ctrl_pehe,2.8674944639205933,0.31419283151626587
ctrl_bias,-1.3775074481964111,0.9610034823417664
cf_pehe,0.935010669913339,1.2251537821710627
cf_bias,-0.3379006932620314,0.4194821338745376
xgb_pehe,1.5671429634094238,1.53639754652977
xgb_bias,0.35032010078430176,0.6310280561447144
