method,p_noise,mean_pehe,std_pehe,sem_pehe,n
BERT_CF,0.0,0.07236938251460696,,,1
BERT_TARNet,0.0,0.226046739231686,,,1
CTRL_DML,0.0,0.8285108682207124,,,1
CTRL_DML,0.3,1.0797083715308944,,,1
CTRL_DML,0.6,1.2630294289413637,,,1
CTRL_DML_XATTN,0.0,0.1782705935601895,,,1
CTRL_DML_XATTN,0.3,0.677112600993745,,,1
CTRL_DML_XATTN,0.6,0.9841195609571625,,,1
TFIDF_CF,0.0,1.2115798666334092,,,1
TFIDF_CF,0.3,1.2115798666334092,,,1
TFIDF_CF,0.6,1.2115798666334092,,,1
