method,p_noise,seed,pehe
TFIDF_CF,0.0,42,1.2115798666334092
CTRL_DML,0.0,42,0.8285108682207124
CTRL_DML_XATTN,0.0,42,0.1782705935601895
TFIDF_CF,0.3,42,1.2115798666334092
CTRL_DML,0.3,42,1.0797083715308944
CTRL_DML_XATTN,0.3,42,0.677112600993745
TFIDF_CF,0.6,42,1.2115798666334092
CTRL_DML,0.6,42,1.2630294289413637
CTRL_DML_XATTN,0.6,42,0.9841195609571625
BERT_CF,0.0,42,0.07236938251460696
BERT_TARNet,0.0,42,0.226046739231686
