pehe_cf,pehe_plugin,pehe_dml
1.0946918960724838,1.1222527123389319,1.073138852825239
