dataset,method,ate,ci_low,ci_high
TWINS,Causal Forest,-0.03467875938788619,-0.035996567872437685,-0.0335878380624045
TWINS,TarNet (plug-in),0.06222999840974808,0.06222999840974808,0.06222999840974808
ACIC-low1,Causal Forest,0.13311758211707547,0.12533292892544995,0.13952606253328598
ACIC-low1,TarNet (plug-in),0.06128048524260521,0.05798568269237876,0.06491586584597826
