feature,mask
age,0.8320505
educ,0.8629983
married,0.99999994
nodegree,0.7817553
re74,0.5173509
re75,0.520502
race_hispan,0.6212578
race_white,0.89986694
