dataset,method,ate,ci_lower,ci_upper
lalonde,OLS,1548.2437523589415,82.38162216653085,3092.711072927415
lalonde,CausalForest,588.3439184287348,409.52618981305955,753.0410765643776
lalonde,CTRL-DML,3.382455348968506,2.096288162469864,4.74560683965683
