method,ate,ci_low,ci_high
TFIDF_CF,-0.16937735058615902,-0.17410152432892792,-0.16367157324823656
CTRL_DML_dense,-0.268341988325119,-0.2838787384331226,-0.2543974332511425
