dataset,method,seed,pehe
N500,Causal Forest,42,2.118756738233004
N500,CTRL-DML (orthogonal),42,1.5947368144989014
N500,CTRL plug-in,42,1.6571695804595947
N1000,Causal Forest,42,1.9476518222807444
N1000,CTRL-DML (orthogonal),42,1.5247567892074585
N1000,CTRL plug-in,42,1.5667897462844849
