pehe_cf,pehe_plugin,pehe_dml
0.11093224640373912,0.09431619197130203,0.28145331144332886
